0.00161055, 1.76113, 0
0.00456293, 1.77147, 0
0.00862644, 1.78092, 0
0.0135915, 1.78945, 0
0.019276, 1.79705, 0
0.0255281, 1.80376, 0
0.0322256, 1.80963, 0
0.0392739, 1.81471, 0
0.0466055, 1.81906, 0
0.0541698, 1.82273, 0
0.0619331, 1.82578, 0
0.0698754, 1.82826, 0
0.0617638, 1.82631, 0
0.0535888, 1.8249, 0
0.0453948, 1.82403, 0
0.037224, 1.82368, 0
0.0291166, 1.82385, 0
0.0211106, 1.82453, 0
0.0132414, 1.82568, 0
0.00554164, 1.82729, 0
-0.00195852, 1.82935, 0
-0.00923176, 1.83181, 0
-0.0162535, 1.83467, 0
-0.0230021, 1.83788, 0
-0.0294584, 1.84143, 0
-0.0356106, 1.84528, 0
-0.0414459, 1.84941, 0
-0.0469537, 1.85377, 0
-0.0521256, 1.85836, 0
-0.0569557, 1.86313, 0
-0.06144, 1.86807, 0
-0.0655764, 1.87315, 0
-0.0693649, 1.87834, 0
-0.0665712, 1.87387, 0
-0.069073, 1.87853, 0
-0.0712521, 1.88331, 0
-0.0731054, 1.88818, 0
-0.0746324, 1.89312, 0
-0.0758349, 1.8981, 0
-0.0767169, 1.90309, 0
-0.0772842, 1.90807, 0
-0.0770811, 1.90186, 0
-0.0773414, 1.89569, 0
-0.0766541, 1.90183, 0
-0.0755524, 1.90789, 0
-0.0740514, 1.91384, 0
-0.0721681, 1.91964, 0
-0.069922, 1.92527, 0
-0.0673342, 1.93071, 0
-0.0644273, 1.93592, 0
-0.0689847, 1.92898, 0
-0.0639601, 1.93562, 0
-0.0585398, 1.94188, 0
-0.0527623, 1.94774, 0
-0.0466669, 1.95317, 0
-0.0402931, 1.95816, 0
-0.0336808, 1.9627, 0
-0.0268693, 1.96678, 0
-0.0174268, 1.97165, 0
-0.00779248, 1.97589, 0
0.00198203, 1.97948, 0
0.0118466, 1.98245, 0
0.0217528, 1.98478, 0
0.0316547, 1.98651, 0
0.0415083, 1.98762, 0
0.0512724, 1.98816, 0
0.0636745, 1.98816, 0
0.0758468, 1.9875, 0
0.0877529, 1.9862, 0
0.0993592, 1.98431, 0
0.110636, 1.98186, 0
0.121555, 1.97887, 0
0.132095, 1.97539, 0
0.142233, 1.97144, 0
0.151952, 1.96708, 0
0.163504, 1.96125, 0
0.174496, 1.95507, 0
0.184929, 1.94858, 0
0.194802, 1.94181, 0
0.204118, 1.9348, 0
0.212879, 1.92759, 0
0.221092, 1.92021, 0
0.228765, 1.91268, 0
0.237515, 1.90345, 0
0.245659, 1.89423, 0
0.253218, 1.88503, 0
0.260211, 1.87587, 0
0.266658, 1.86678, 0
0.27258, 1.85776, 0
0.277996, 1.84885, 0
0.282927, 1.84005, 0
0.288443, 1.82956, 0
0.293481, 1.81933, 0
0.298066, 1.80937, 0
0.302222, 1.79966, 0
0.305971, 1.79023, 0
0.309336, 1.78105, 0
0.312339, 1.77215, 0
0.315, 1.76351, 0
0.317339, 1.75513, 0
0.319971, 1.74506, 0
0.322334, 1.73538, 0
0.324445, 1.72608, 0
0.326319, 1.71713, 0
0.327972, 1.70853, 0
0.329419, 1.70027, 0
0.330674, 1.69234, 0
0.331749, 1.68472, 0
0.333022, 1.67525, 0
0.334177, 1.66619, 0
0.335222, 1.65752, 0
0.336165, 1.64924, 0
0.337011, 1.64132, 0
0.337769, 1.63374, 0
0.338443, 1.6265, 0
0.339039, 1.61958, 0
0.339832, 1.61055, 0
0.340603, 1.60193, 0
0.341353, 1.5937, 0
0.342081, 1.58584, 0
0.34279, 1.57833, 0
0.343478, 1.57117, 0
0.344146, 1.56432, 0
0.344795, 1.55779, 0
0.345425, 1.55155, 0
0.346358, 1.54298, 0
0.347314, 1.53479, 0
0.348288, 1.52698, 0
0.349278, 1.51952, 0
0.350281, 1.5124, 0
0.351292, 1.5056, 0
0.35231, 1.49911, 0
0.353331, 1.49292, 0
0.354853, 1.4843, 0
0.3564, 1.47607, 0
0.357967, 1.46821, 0
0.359549, 1.46072, 0
0.361142, 1.45357, 0
0.362743, 1.44675, 0
0.364347, 1.44025, 0
0.36595, 1.43404, 0
0.368291, 1.42542, 0
0.370629, 1.41721, 0
0.37296, 1.40937, 0
0.375281, 1.40191, 0
0.377587, 1.39479, 0
0.379876, 1.38802, 0
0.382144, 1.38156, 0
0.384388, 1.37542, 0
0.386607, 1.36956, 0
0.389816, 1.36137, 0
0.392971, 1.35357, 0
0.396072, 1.34615, 0
0.399117, 1.33909, 0
0.402104, 1.33236, 0
0.405032, 1.32597, 0
0.407901, 1.31988, 0
0.410709, 1.31409, 0
0.413978, 1.30753, 0
0.417167, 1.30128, 0
0.420277, 1.29534, 0
0.423307, 1.28969, 0
0.426259, 1.28432, 0
0.429133, 1.27921, 0
0.431931, 1.27436, 0
0.434654, 1.26974, 0
0.437301, 1.26536, 0
0.439873, 1.26119, 0
0.442373, 1.25724, 0
0.444801, 1.25348, 0
0.447158, 1.24991, 0
0.449446, 1.24652, 0
0.451667, 1.2433, 0
0.453821, 1.24024, 0
0.45591, 1.23734, 0
0.457935, 1.23459, 0
0.459898, 1.23198, 0
0.461801, 1.2295, 0
0.463643, 1.22715, 0
0.465428, 1.22492, 0
0.467156, 1.22281, 0
0.468829, 1.22081, 0
0.470447, 1.21891, 0
0.472013, 1.21711, 0
0.473528, 1.2154, 0
0.474992, 1.21379, 0
0.476408, 1.21226, 0
0.477777, 1.21081, 0
0.479099, 1.20944, 0
0.480377, 1.20815, 0
0.481611, 1.20692, 0
0.482803, 1.20576, 0
0.486097, 1.20211, 0
0.489128, 1.19829, 0
0.491887, 1.19432, 0
0.494371, 1.19023, 0
0.496575, 1.18605, 0
0.498499, 1.18178, 0
0.500143, 1.17746, 0
0.501509, 1.17311, 0
0.503242, 1.16627, 0
0.504572, 1.15946, 0
0.505508, 1.15269, 0
0.506063, 1.146, 0
0.506251, 1.1394, 0
0.506088, 1.13292, 0
0.505589, 1.12658, 0
0.504772, 1.1204, 0
0.503653, 1.11438, 0
0.501881, 1.10655, 0
0.499873, 1.09902, 0
0.49765, 1.0918, 0
0.49523, 1.08489, 0
0.492632, 1.07828, 0
0.489875, 1.07198, 0
0.486974, 1.06598, 0
0.483948, 1.06028, 0
0.479876, 1.05304, 0
0.47579, 1.04618, 0
0.471702, 1.03968, 0
0.467619, 1.03354, 0
0.463551, 1.02773, 0
0.459504, 1.02225, 0
0.455485, 1.01708, 0
0.451502, 1.0122, 0
0.446207, 1.00589, 0
0.441064, 0.999915, 0
0.436071, 0.994263, 0
0.431224, 0.988919, 0
0.426521, 0.983866, 0
0.42196, 0.97909, 0
0.417537, 0.974578, 0
0.41325, 0.970316, 0
0.409096, 0.966293, 0
0.40339, 0.960795, 0
0.397926, 0.955558, 0
0.392694, 0.950571, 0
0.387686, 0.94582, 0
0.38289, 0.941296, 0
0.378299, 0.936986, 0
0.373902, 0.932882, 0
0.369693, 0.928974, 0
0.364225, 0.923861, 0
0.359018, 0.91896, 0
0.354061, 0.914262, 0
0.349342, 0.909759, 0
0.344849, 0.905442, 0
0.340572, 0.901305, 0
0.336501, 0.897339, 0
0.332625, 0.893538, 0
0.328936, 0.889895, 0
0.325424, 0.886404, 0
0.32208, 0.883058, 0
0.318898, 0.879851, 0
0.315869, 0.876778, 0
0.312986, 0.873833, 0
0.310242, 0.871011, 0
0.30763, 0.868306, 0
0.305145, 0.865715, 0
0.302779, 0.863231, 0
0.300528, 0.860852, 0
0.298385, 0.858572, 0
0.296346, 0.856388, 0
0.294405, 0.854295, 0
0.292558, 0.85229, 0
0.290801, 0.850368, 0
0.289128, 0.848528, 0
0.287537, 0.846764, 0
0.286023, 0.845075, 0
0.284582, 0.843456, 0
0.283211, 0.841906, 0
0.281906, 0.840421, 0
0.280665, 0.838998, 0
0.279485, 0.837635, 0
0.278361, 0.83633, 0
0.277292, 0.835079, 0
0.276275, 0.833881, 0
0.275308, 0.832734, 0
0.274388, 0.831635, 0
0.273512, 0.830583, 0
0.272679, 0.829575, 0
0.271887, 0.828609, 0
0.271134, 0.827685, 0
0.270417, 0.826799, 0
0.269735, 0.825951, 0
0.269087, 0.825139, 0
0.26847, 0.824361, 0
0.267883, 0.823616, 0
0.267326, 0.822903, 0
0.266795, 0.82222, 0
0.26629, 0.821566, 0
0.265811, 0.82094, 0
0.265354, 0.82034, 0
0.26492, 0.819766, 0
0.264508, 0.819216, 0
0.264115, 0.818689, 0
0.263742, 0.818185, 0
0.263387, 0.817703, 0
0.26305, 0.817241, 0
0.26273, 0.816798, 0
0.262425, 0.816375, 0
0.262135, 0.815969, 0
0.261859, 0.815581, 0
0.261597, 0.815209, 0
0.261348, 0.814853, 0
0.261111, 0.814513, 0
0.260886, 0.814187, 0
0.260672, 0.813875, 0
0.260469, 0.813576, 0
0.260276, 0.81329, 0
0.260092, 0.813016, 0
0.260092, 0.813016, 0
0.260092, 0.813016, 0
0.260092, 0.813016, 0
0.260092, 0.813016, 0
0.260092, 0.813016, 0
0.260092, 0.813016, 0
0.260092, 0.813016, 0
0.260092, 0.813016, 0
0.260092, 0.813016, 0
0.260092, 0.813016, 0
0.260092, 0.813016, 0
0.260092, 0.813016, 0
0.260092, 0.813016, 0
0.260092, 0.813016, 0
0.260092, 0.813016, 0
0.260092, 0.813016, 0
0.260092, 0.813016, 0
0.260092, 0.813016, 0
0.260092, 0.813016, 0
0.260092, 0.813016, 0
0.260092, 0.813016, 0
0.260092, 0.813016, 0
0.260092, 0.813016, 0
0.260092, 0.813016, 0
0.260092, 0.813016, 0
0.260092, 0.813016, 0
0.260092, 0.813016, 0
0.260092, 0.813016, 0
0.260092, 0.813016, 0
0.260092, 0.813016, 0
0.260092, 0.813016, 0
0.260092, 0.813016, 0
0.260092, 0.813016, 0
0.260092, 0.813016, 0
0.260092, 0.813016, 0
0.260092, 0.813016, 0
0.260092, 0.813016, 0
0.260092, 0.813016, 0
0.260092, 0.813016, 0
0.260092, 0.813016, 0
0.260092, 0.813016, 0
0.260092, 0.813016, 0
0.260092, 0.813016, 0
0.260092, 0.813016, 0
0.260092, 0.813016, 0
0.260092, 0.813016, 0
0.260092, 0.813016, 0
0.257204, 0.808359, 0
0.254572, 0.803754, 0
0.252185, 0.799209, 0
0.250033, 0.794732, 0
0.248107, 0.790329, 0
0.246395, 0.786006, 0
0.244888, 0.781768, 0
0.243576, 0.777621, 0
0.242449, 0.773568, 0
0.240881, 0.76693, 0
0.239611, 0.760435, 0
0.238625, 0.754092, 0
0.237908, 0.747907, 0
0.237445, 0.741887, 0
0.237222, 0.736037, 0
0.237223, 0.730362, 0
0.237434, 0.724866, 0
0.237755, 0.72141, 0
0.238251, 0.718037, 0
0.238913, 0.714756, 0
0.239731, 0.711575, 0
0.240696, 0.708501, 0
0.241797, 0.705541, 0
0.243023, 0.702699, 0
0.244366, 0.699981, 0
0.246752, 0.695476, 0
0.249172, 0.691204, 0
0.25162, 0.687157, 0
0.254086, 0.683327, 0
0.256565, 0.679707, 0
0.25905, 0.67629, 0
0.261535, 0.673068, 0
0.264014, 0.670035, 0
0.266483, 0.667183, 0
0.268243, 0.66539, 0
0.270092, 0.663727, 0
0.27202, 0.662197, 0
0.274015, 0.660802, 0
0.276065, 0.659544, 0
0.278159, 0.658425, 0
0.280287, 0.657445, 0
0.282438, 0.656602, 0
0.285262, 0.655521, 0
0.287968, 0.654509, 0
0.290563, 0.653562, 0
0.293049, 0.652677, 0
0.295431, 0.65185, 0
0.297714, 0.651078, 0
0.299902, 0.650357, 0
0.301998, 0.649685, 0
0.303959, 0.649205, 0
0.305944, 0.648864, 0
0.307941, 0.64866, 0
0.309939, 0.648592, 0
0.311925, 0.648657, 0
0.31389, 0.648851, 0
0.315824, 0.64917, 0
0.317717, 0.649609, 0
0.319562, 0.650162, 0
0.320956, 0.650539, 0
0.322308, 0.650864, 0
0.323618, 0.651141, 0
0.324886, 0.651373, 0
0.326112, 0.651563, 0
0.327297, 0.651713, 0
0.328441, 0.651826, 0
0.329545, 0.651905, 0
0.327756, 0.651628, 0
0.326004, 0.651219, 0
0.324289, 0.650688, 0
0.325973, 0.651333, 0
0.3276, 0.652079, 0
0.329165, 0.652922, 0
0.33066, 0.653853, 0
0.332081, 0.654866, 0
0.333055, 0.655475, 0
0.334051, 0.656017, 0
0.335066, 0.656494, 0
0.336093, 0.656905, 0
0.337128, 0.65725, 0
0.338167, 0.657531, 0
0.339204, 0.657749, 0
0.340235, 0.657905, 0
0.341256, 0.658002, 0
0.339541, 0.65767, 0
0.337895, 0.657195, 0
0.336318, 0.656592, 0
0.334807, 0.655874, 0
0.333356, 0.655051, 0
0.334751, 0.655971, 0
0.336075, 0.656977, 0
0.337323, 0.65806, 0
0.336383, 0.657362, 0
0.335397, 0.656733, 0
0.336426, 0.657298, 0
0.337482, 0.657793, 0
0.338559, 0.658215, 0
0.339651, 0.658566, 0
0.340753, 0.658846, 0
0.341857, 0.659055, 0
0.340239, 0.658587, 0
0.338696, 0.657991, 0
0.337226, 0.657278, 0
0.335824, 0.656462, 0
0.334484, 0.65555, 0
0.335766, 0.656551, 0
0.336973, 0.657625, 0
0.338101, 0.658766, 0
0.339145, 0.659964, 0
0.338246, 0.659098, 0
0.337291, 0.658316, 0
0.336286, 0.657612, 0
0.337337, 0.658244, 0
0.338426, 0.658801, 0
0.339547, 0.65928, 0
0.340691, 0.659682, 0
0.341852, 0.660006, 0
0.340334, 0.659429, 0
0.338893, 0.658735, 0
0.337526, 0.657937, 0
0.336227, 0.657044, 0
0.337463, 0.658024, 0
0.338626, 0.659081, 0
0.339711, 0.660207, 0
0.340713, 0.661395, 0
0.339784, 0.660478, 0
0.338796, 0.659656, 0
0.337756, 0.658921, 0
0.336669, 0.658267, 0
0.337799, 0.658847, 0
0.33896, 0.659347, 0
0.340146, 0.659768, 0
0.341348, 0.660109, 0
0.342561, 0.660369, 0
0.34102, 0.659881, 0
0.339557, 0.659268, 0
0.33817, 0.658546, 0
0.336852, 0.657726, 0
0.3356, 0.656815, 0
0.336792, 0.657809, 0
0.337911, 0.658873, 0
0.338951, 0.66, 0
0.337988, 0.659121, 0
0.336969, 0.658331, 0
0.335899, 0.65762, 0
0.337016, 0.658256, 0
0.338169, 0.658813, 0
0.33935, 0.65929, 0
0.340553, 0.659685, 0
0.341771, 0.66, 0
0.340272, 0.65946, 0
0.338849, 0.658804, 0
0.3375, 0.658043, 0
0.336218, 0.657189, 0
0.337437, 0.65813, 0
0.338586, 0.659149, 0
0.339659, 0.660239, 0
0.340652, 0.661392, 0
0.341562, 0.662601, 0
0.340636, 0.661588, 0
0.339643, 0.66068, 0
0.338592, 0.659867, 0
0.33749, 0.659144, 0
0.336342, 0.658503, 0
0.337533, 0.659068, 0
0.338752, 0.659552, 0
0.33999, 0.659953, 0
0.338578, 0.659353, 0
0.337238, 0.658648, 0
0.335964, 0.657848, 0
0.334753, 0.656961, 0
0.335907, 0.657929, 0
0.33699, 0.658963, 0
0.337996, 0.660056, 0
0.338924, 0.661201, 0
0.340668, 0.663366, 0
0.342328, 0.66544, 0
0.343908, 0.667424, 0
0.345411, 0.669324, 0
0.346842, 0.671143, 0
0.348203, 0.672884, 0
0.349498, 0.674551, 0
0.35073, 0.676146, 0
0.351903, 0.677673, 0
0.354743, 0.681297, 0
0.357493, 0.684734, 0
0.360156, 0.687993, 0
0.362733, 0.691083, 0
0.365227, 0.694012, 0
0.36764, 0.696788, 0
0.369973, 0.699419, 0
0.37223, 0.70191, 0
0.376328, 0.70631, 0
0.380308, 0.710465, 0
0.384173, 0.714389, 0
0.387924, 0.718091, 0
0.391563, 0.721583, 0
0.395093, 0.724876, 0
0.398515, 0.727979, 0
0.401832, 0.730903, 0
0.407235, 0.73555, 0
0.412457, 0.739932, 0
0.417503, 0.744062, 0
0.422377, 0.747954, 0
0.427084, 0.75162, 0
0.431629, 0.755071, 0
0.436017, 0.758319, 0
0.440252, 0.761373, 0
0.444338, 0.764245, 0
0.450622, 0.768562, 0
0.456676, 0.772625, 0
0.462506, 0.776448, 0
0.468119, 0.780042, 0
0.473524, 0.783421, 0
0.478727, 0.786596, 0
0.483735, 0.789578, 0
0.488554, 0.792376, 0
0.495281, 0.796208, 0
0.501742, 0.799816, 0
0.507946, 0.803211, 0
0.513902, 0.806406, 0
0.519621, 0.80941, 0
0.525111, 0.812235, 0
0.530381, 0.81489, 0
0.53544, 0.817385, 0
0.54253, 0.820802, 0
0.549338, 0.824007, 0
0.555872, 0.827011, 0
0.562144, 0.829825, 0
0.568164, 0.83246, 0
0.573941, 0.834926, 0
0.579484, 0.837233, 0
0.584802, 0.839388, 0
0.589904, 0.841402, 0
0.594835, 0.843296, 0
0.599564, 0.845063, 0
0.6041, 0.846711, 0
0.60845, 0.848246, 0
0.612621, 0.849674, 0
0.616621, 0.851003, 0
0.620456, 0.852238, 0
0.624132, 0.853384, 0
0.627656, 0.854447, 0
0.631034, 0.855433, 0
0.634271, 0.856346, 0
0.637373, 0.85719, 0
0.640346, 0.85797, 0
0.643194, 0.858689, 0
0.645923, 0.859352, 0
0.648536, 0.859961, 0
0.65104, 0.86052, 0
0.653438, 0.861034, 0
0.655734, 0.861503, 0
0.657933, 0.861933, 0
0.660039, 0.862323, 0
0.662055, 0.862679, 0
0.663985, 0.863001, 0
0.665832, 0.863292, 0
0.667601, 0.863553, 0
0.669293, 0.863789, 0
0.670913, 0.863999, 0
0.672463, 0.864186, 0
0.673946, 0.864351, 0
0.675365, 0.864496, 0
0.676723, 0.864623, 0
0.678021, 0.864732, 0
0.679264, 0.864825, 0
0.680452, 0.864903, 0
0.681588, 0.864968, 0
0.682674, 0.86502, 0
0.683713, 0.865061, 0
0.684707, 0.865091, 0
0.685656, 0.865111, 0
0.686564, 0.865122, 0
0.687432, 0.865124, 0
0.688262, 0.86512, 0
0.689055, 0.865108, 0
0.689812, 0.86509, 0
0.690536, 0.865067, 0
0.691228, 0.865038, 0
0.691889, 0.865005, 0
0.69252, 0.864967, 0
0.693124, 0.864926, 0
0.6937, 0.864881, 0
0.69425, 0.864834, 0
0.694776, 0.864784, 0
0.695278, 0.864732, 0
0.695757, 0.864677, 0
0.696214, 0.864622, 0
0.696651, 0.864564, 0
0.697068, 0.864506, 0
0.697467, 0.864447, 0
0.697847, 0.864387, 0
0.698209, 0.864326, 0
0.698556, 0.864265, 0
0.698886, 0.864204, 0
0.699201, 0.864143, 0
0.699201, 0.864143, 0
0.699201, 0.864143, 0
0.699201, 0.864143, 0
0.699201, 0.864143, 0
0.699201, 0.864143, 0
0.699201, 0.864143, 0
0.699201, 0.864143, 0
0.699201, 0.864143, 0
0.699201, 0.864143, 0
0.699201, 0.864143, 0
0.699201, 0.864143, 0
0.699201, 0.864143, 0
0.699201, 0.864143, 0
0.699201, 0.864143, 0
0.699201, 0.864143, 0
0.699201, 0.864143, 0
0.699201, 0.864143, 0
0.699201, 0.864143, 0
0.699201, 0.864143, 0
0.699201, 0.864143, 0
0.699201, 0.864143, 0
0.699201, 0.864143, 0
0.699201, 0.864143, 0
0.699201, 0.864143, 0
0.699201, 0.864143, 0
0.699201, 0.864143, 0
0.699201, 0.864143, 0
0.699201, 0.864143, 0
0.699201, 0.864143, 0
0.699201, 0.864143, 0
0.699201, 0.864143, 0
0.699201, 0.864143, 0
0.699201, 0.864143, 0
0.699201, 0.864143, 0
0.699201, 0.864143, 0
0.699201, 0.864143, 0
0.699201, 0.864143, 0
0.693745, 0.864748, 0
0.688291, 0.864938, 0
0.693741, 0.86513, 0
0.699152, 0.865695, 0
0.704491, 0.866624, 0
0.709732, 0.867904, 0
0.714848, 0.869518, 0
0.719814, 0.871451, 0
0.727152, 0.874845, 0
0.734195, 0.878644, 0
0.74092, 0.882816, 0
0.747304, 0.887331, 0
0.753333, 0.892156, 0
0.758992, 0.89726, 0
0.764269, 0.902609, 0
0.769156, 0.908171, 0
0.774996, 0.915554, 0
0.780343, 0.923075, 0
0.7852, 0.930699, 0
0.789574, 0.938398, 0
0.793473, 0.946139, 0
0.796905, 0.953895, 0
0.799883, 0.961638, 0
0.80242, 0.969344, 0
0.804528, 0.976987, 0
0.806231, 0.984543, 0
0.807545, 0.991994, 0
0.808485, 0.999321, 0
0.809067, 1.00651, 0
0.80931, 1.01354, 0
0.80923, 1.0204, 0
0.808845, 1.02708, 0
0.808174, 1.03357, 0
0.807238, 1.03986, 0
0.806057, 1.04594, 0
0.804646, 1.0518, 0
0.803024, 1.05745, 0
0.801205, 1.06287, 0
0.799208, 1.06807, 0
0.797048, 1.07304, 0
0.794741, 1.07777, 0
0.792306, 1.08228, 0
0.789757, 1.08656, 0
0.787108, 1.09062, 0
0.784372, 1.09445, 0
0.781563, 1.09806, 0
0.778691, 1.10145, 0
0.775769, 1.10463, 0
0.772808, 1.10759, 0
0.769819, 1.11035, 0
0.766813, 1.11292, 0
0.763801, 1.11529, 0
0.760789, 1.11747, 0
0.757787, 1.11947, 0
0.754801, 1.1213, 0
0.751839, 1.12296, 0
0.748906, 1.12445, 0
0.746009, 1.12579, 0
0.743153, 1.12698, 0
0.740344, 1.12803, 0
0.737586, 1.12895, 0
0.734883, 1.12973, 0
0.732237, 1.1304, 0
0.729653, 1.13094, 0
0.727132, 1.13138, 0
0.724676, 1.13171, 0
0.722289, 1.13194, 0
0.719972, 1.13209, 0
0.717725, 1.13215, 0
0.71555, 1.13213, 0
0.713447, 1.13203, 0
0.711418, 1.13187, 0
0.709461, 1.13164, 0
0.707577, 1.13135, 0
0.705766, 1.131, 0
0.704027, 1.13061, 0
0.702359, 1.13017, 0
0.700763, 1.1297, 0
0.699236, 1.12918, 0
0.697778, 1.12864, 0
0.696387, 1.12806, 0
0.695063, 1.12746, 0
0.693804, 1.12683, 0
0.692609, 1.12619, 0
0.691475, 1.12552, 0
0.690401, 1.12485, 0
0.689386, 1.12417, 0
0.688428, 1.12347, 0
0.687525, 1.12277, 0
0.686676, 1.12207, 0
0.685879, 1.12136, 0
0.685131, 1.12066, 0
0.684432, 1.11995, 0
0.683779, 1.11925, 0
0.68317, 1.11855, 0
0.682605, 1.11786, 0
0.68208, 1.11718, 0
0.681596, 1.1165, 0
0.681149, 1.11584, 0
0.680738, 1.11518, 0
0.680362, 1.11454, 0
0.680018, 1.1139, 0
0.679705, 1.11328, 0
0.679422, 1.11267, 0
0.679167, 1.11208, 0
0.678939, 1.1115, 0
0.678736, 1.11093, 0
0.678557, 1.11038, 0
0.678401, 1.10985, 0
0.678267, 1.10932, 0
0.678152, 1.10882, 0
0.678057, 1.10833, 0
0.677979, 1.10785, 0
0.677918, 1.10739, 0
0.677873, 1.10694, 0
0.677843, 1.10651, 0
0.677826, 1.1061, 0
0.677821, 1.1057, 0
0.677829, 1.10531, 0
0.677847, 1.10494, 0
0.677875, 1.10458, 0
0.677913, 1.10424, 0
0.677958, 1.10391, 0
0.678012, 1.10359, 0
0.678012, 1.10359, 0
0.678012, 1.10359, 0
0.678012, 1.10359, 0
0.678012, 1.10359, 0
0.678012, 1.10359, 0
0.678012, 1.10359, 0
0.678012, 1.10359, 0
0.678012, 1.10359, 0
0.678012, 1.10359, 0
0.678012, 1.10359, 0
0.678012, 1.10359, 0
0.678012, 1.10359, 0
0.678012, 1.10359, 0
0.678012, 1.10359, 0
0.678012, 1.10359, 0
0.678012, 1.10359, 0
0.678012, 1.10359, 0
0.678012, 1.10359, 0
0.678012, 1.10359, 0
0.678012, 1.10359, 0
0.678012, 1.10359, 0
0.678012, 1.10359, 0
0.678012, 1.10359, 0
0.678012, 1.10359, 0
0.678012, 1.10359, 0
0.678012, 1.10359, 0
0.678012, 1.10359, 0
0.678012, 1.10359, 0
0.678012, 1.10359, 0
0.678012, 1.10359, 0
0.678012, 1.10359, 0
0.678012, 1.10359, 0
0.678012, 1.10359, 0
0.678012, 1.10359, 0
0.678012, 1.10359, 0
0.678012, 1.10359, 0
0.678012, 1.10359, 0
0.678012, 1.10359, 0
0.678012, 1.10359, 0
0.678012, 1.10359, 0
0.678012, 1.10359, 0
0.678012, 1.10359, 0
0.678012, 1.10359, 0
0.677794, 1.10892, 0
0.678198, 1.11402, 0
0.67914, 1.11885, 0
0.680544, 1.1234, 0
0.682344, 1.12766, 0
0.684484, 1.13165, 0
0.68692, 1.13536, 0
0.689616, 1.13881, 0
0.694426, 1.14404, 0
0.699587, 1.14886, 0
0.694105, 1.14442, 0
0.688345, 1.14037, 0
0.682345, 1.13673, 0
0.676144, 1.13353, 0
0.66978, 1.13075, 0
0.663293, 1.12841, 0
0.654018, 1.12573, 0
0.644675, 1.12365, 0
0.63531, 1.12217, 0
0.625968, 1.12129, 0
0.616694, 1.12097, 0
0.607528, 1.12122, 0
0.598507, 1.122, 0
0.589666, 1.1233, 0
0.581039, 1.12508, 0
0.570088, 1.12795, 0
0.559508, 1.13132, 0
0.549318, 1.13516, 0
0.539539, 1.13942, 0
0.530184, 1.14409, 0
0.521266, 1.14911, 0
0.512795, 1.15445, 0
0.504778, 1.16009, 0
0.495285, 1.16738, 0
0.486359, 1.17485, 0
0.477992, 1.18248, 0
0.470175, 1.19023, 0
0.462897, 1.19806, 0
0.456147, 1.20597, 0
0.449911, 1.21391, 0
0.444177, 1.22187, 0
0.437649, 1.23157, 0
0.431652, 1.24115, 0
0.426163, 1.25058, 0
0.421161, 1.25984, 0
0.416623, 1.26894, 0
0.412528, 1.27787, 0
0.408855, 1.2866, 0
0.405582, 1.29514, 0
0.402689, 1.30348, 0
0.399451, 1.31352, 0
0.396555, 1.32323, 0
0.393981, 1.33261, 0
0.391709, 1.34167, 0
0.389721, 1.35041, 0
0.387998, 1.35883, 0
0.386523, 1.36696, 0
0.38528, 1.37479, 0
0.383869, 1.38442, 0
0.38263, 1.39364, 0
0.38155, 1.40247, 0
0.380618, 1.41093, 0
0.379824, 1.41904, 0
0.379158, 1.4268, 0
0.378611, 1.43422, 0
0.378173, 1.44134, 0
0.377636, 1.45045, 0
0.377147, 1.45916, 0
0.376703, 1.46748, 0
0.3763, 1.47543, 0
0.375936, 1.48302, 0
0.375609, 1.49027, 0
0.375315, 1.49719, 0
0.375052, 1.50381, 0
0.374819, 1.51013, 0
0.374461, 1.5187, 0
0.37408, 1.52689, 0
0.373677, 1.53471, 0
0.373256, 1.54218, 0
0.372819, 1.54931, 0
0.372369, 1.55612, 0
0.371906, 1.56262, 0
0.371434, 1.56883, 0
0.370695, 1.57746, 0
0.36991, 1.5857, 0
0.369084, 1.59358, 0
0.368223, 1.60109, 0
0.367331, 1.60827, 0
0.366412, 1.61512, 0
0.36547, 1.62166, 0
0.36451, 1.62791, 0
0.363066, 1.63662, 0
0.36159, 1.64494, 0
0.360085, 1.65287, 0
0.358558, 1.66045, 0
0.357013, 1.66767, 0
0.355455, 1.67457, 0
0.353888, 1.68114, 0
0.352315, 1.68741, 0
0.350742, 1.69339, 0
0.348424, 1.7018, 0
0.346116, 1.70982, 0
0.34382, 1.71746, 0
0.341541, 1.72475, 0
0.339282, 1.73169, 0
0.337044, 1.7383, 0
0.334832, 1.7446, 0
0.332646, 1.7506, 0
0.329512, 1.75894, 0
0.326435, 1.76688, 0
0.323418, 1.77445, 0
0.32046, 1.78165, 0
0.317562, 1.78851, 0
0.314726, 1.79504, 0
0.311951, 1.80125, 0
0.309237, 1.80716, 0
0.305764, 1.81457, 0
0.302385, 1.82161, 0
0.299099, 1.82832, 0
0.295903, 1.83471, 0
0.292797, 1.84078, 0
0.28978, 1.84656, 0
0.286848, 1.85206, 0
0.284002, 1.8573, 0
0.281239, 1.86227, 0
0.278558, 1.86701, 0
0.275959, 1.87151, 0
0.273438, 1.8758, 0
0.270995, 1.87987, 0
0.268626, 1.88374, 0
0.266332, 1.88743, 0
0.264109, 1.89093, 0
0.261957, 1.89426, 0
0.259872, 1.89742, 0
0.257854, 1.90042, 0
0.255902, 1.90328, 0
0.254012, 1.90599, 0
0.252184, 1.90857, 0
0.250416, 1.91102, 0
0.248706, 1.91335, 0
0.247053, 1.91556, 0
0.245455, 1.91765, 0
0.243911, 1.91964, 0
0.242419, 1.92153, 0
0.240977, 1.92333, 0
0.239585, 1.92503, 0
0.23824, 1.92665, 0
0.236942, 1.92818, 0
0.235689, 1.92964, 0
0.23448, 1.93102, 0
0.233313, 1.93232, 0
0.232187, 1.93356, 0
0.2311, 1.93474, 0
0.230053, 1.93586, 0
0.229043, 1.93691, 0
0.228069, 1.93792, 0
0.22713, 1.93887, 0
0.226225, 1.93977, 0
0.225353, 1.94062, 0
0.224513, 1.94143, 0
0.223704, 1.94219, 0
0.222924, 1.94292, 0
0.222173, 1.9436, 0
0.221451, 1.94425, 0
0.220755, 1.94487, 0
0.220085, 1.94545, 0
0.224113, 1.94281, 0
0.22826, 1.9408, 0
0.232441, 1.93936, 0
0.236596, 1.93845, 0
0.24068, 1.93802, 0
0.244666, 1.938, 0
0.248538, 1.93835, 0
0.252289, 1.93903, 0
0.255919, 1.94001, 0
0.261956, 1.9422, 0
0.267742, 1.94484, 0
0.273293, 1.94788, 0
0.267958, 1.94446, 0
0.262886, 1.94071, 0
0.258099, 1.93664, 0
0.253616, 1.9323, 0
0.249453, 1.9277, 0
0.243893, 1.92069, 0
0.238834, 1.91339, 0
0.234289, 1.90583, 0
0.230267, 1.89808, 0
0.226771, 1.89016, 0
0.223802, 1.88213, 0
0.221358, 1.87402, 0
0.219432, 1.86587, 0
0.217501, 1.85504, 0
0.216193, 1.8443, 0
0.215489, 1.83368, 0
0.215366, 1.82322, 0
0.215799, 1.81295, 0
0.216763, 1.8029, 0
0.218232, 1.79311, 0
0.220176, 1.78359, 0
0.222567, 1.77438, 0
0.225972, 1.76334, 0
0.229775, 1.75274, 0
0.233943, 1.74258, 0
0.238442, 1.73288, 0
0.243242, 1.72363, 0
0.248311, 1.71483, 0
0.25362, 1.7065, 0
0.259138, 1.69862, 0
0.26483, 1.69118, 0
0.270672, 1.68419, 0
0.276637, 1.67764, 0
0.282702, 1.67152, 0
0.288843, 1.66582, 0
0.29504, 1.66054, 0
0.30127, 1.65566, 0
0.307516, 1.65118, 0
0.313757, 1.64707, 0
0.319978, 1.64334, 0
0.326162, 1.63997, 0
0.332293, 1.63694, 0
0.338358, 1.63425, 0
0.344344, 1.63188, 0
0.350239, 1.62981, 0
0.356033, 1.62804, 0
0.361715, 1.62654, 0
0.367277, 1.62532, 0
0.372712, 1.62434, 0
0.378011, 1.6236, 0
0.38317, 1.62309, 0
0.388183, 1.62278, 0
0.393045, 1.62268, 0
0.397754, 1.62276, 0
0.402306, 1.62301, 0
0.4067, 1.62343, 0
0.410933, 1.62399, 0
0.415005, 1.62469, 0
0.418916, 1.62551, 0
0.422666, 1.62644, 0
0.426255, 1.62748, 0
0.429685, 1.62862, 0
0.432958, 1.62984, 0
0.436076, 1.63113, 0
0.43904, 1.63248, 0
0.441854, 1.6339, 0
0.444521, 1.63536, 0
0.447044, 1.63686, 0
0.449426, 1.6384, 0
0.451672, 1.63996, 0
0.453784, 1.64154, 0
0.455768, 1.64314, 0
0.457626, 1.64475, 0
0.459364, 1.64636, 0
0.460985, 1.64798, 0
0.462494, 1.64958, 0
0.463896, 1.65118, 0
0.465194, 1.65276, 0
0.466393, 1.65433, 0
0.467497, 1.65587, 0
0.468511, 1.6574, 0
0.469439, 1.6589, 0
0.470285, 1.66037, 0
0.471053, 1.66181, 0
0.471748, 1.66322, 0
0.472372, 1.6646, 0
0.472931, 1.66595, 0
0.473428, 1.66726, 0
0.473866, 1.66853, 0
0.47425, 1.66977, 0
0.474582, 1.67097, 0
0.474866, 1.67214, 0
0.475105, 1.67326, 0
0.475302, 1.67435, 0
0.475461, 1.67541, 0
0.475583, 1.67642, 0
0.475673, 1.6774, 0
0.475731, 1.67834, 0
0.475761, 1.67925, 0
0.475766, 1.68011, 0
0.475747, 1.68095, 0
0.475706, 1.68175, 0
0.475646, 1.68252, 0
0.475568, 1.68325, 0
0.475475, 1.68395, 0
0.475367, 1.68462, 0
0.475247, 1.68526, 0
0.475115, 1.68587, 0
0.474974, 1.68645, 0
0.474825, 1.68701, 0
0.474668, 1.68754, 0
0.474505, 1.68804, 0
0.474337, 1.68852, 0
0.474165, 1.68897, 0
0.47399, 1.6894, 0
0.473812, 1.68981, 0
0.473633, 1.69019, 0
0.473453, 1.69056, 0
0.473272, 1.69091, 0
0.473092, 1.69123, 0
0.472912, 1.69154, 0
0.472733, 1.69184, 0
0.472556, 1.69211, 0
0.472556, 1.69211, 0
0.472556, 1.69211, 0
0.472556, 1.69211, 0
0.472556, 1.69211, 0
0.472556, 1.69211, 0
0.472556, 1.69211, 0
0.472556, 1.69211, 0
0.472556, 1.69211, 0
0.472556, 1.69211, 0
0.472556, 1.69211, 0
0.472556, 1.69211, 0
0.472556, 1.69211, 0
0.472556, 1.69211, 0
0.472556, 1.69211, 0
0.472556, 1.69211, 0
0.472556, 1.69211, 0
0.472556, 1.69211, 0
0.472556, 1.69211, 0
0.472556, 1.69211, 0
0.472556, 1.69211, 0
0.472556, 1.69211, 0
0.472556, 1.69211, 0
0.472556, 1.69211, 0
0.472556, 1.69211, 0
0.472556, 1.69211, 0
0.472556, 1.69211, 0
0.472556, 1.69211, 0
0.472556, 1.69211, 0
0.472556, 1.69211, 0
0.472556, 1.69211, 0
0.472556, 1.69211, 0
0.472556, 1.69211, 0
0.474616, 1.68777, 0
0.476082, 1.6834, 0
0.47701, 1.67905, 0
0.477456, 1.67478, 0
0.477474, 1.6706, 0
0.47711, 1.66654, 0
0.476405, 1.66259, 0
0.475395, 1.65877, 0
0.473273, 1.65271, 0
0.470721, 1.64686, 0
0.473669, 1.65253, 0
0.476978, 1.65797, 0
0.48062, 1.66316, 0
0.48457, 1.66806, 0
0.488797, 1.67266, 0
0.493273, 1.67695, 0
0.497969, 1.68091, 0
0.504808, 1.68596, 0
0.5119, 1.69052, 0
0.519202, 1.69459, 0
0.526672, 1.69817, 0
0.53427, 1.70124, 0
0.541956, 1.70382, 0
0.54969, 1.7059, 0
0.557435, 1.70749, 0
0.566918, 1.70898, 0
0.576237, 1.71, 0
0.585372, 1.71056, 0
0.594305, 1.71069, 0
0.603017, 1.71042, 0
0.611494, 1.70976, 0
0.619721, 1.70874, 0
0.627688, 1.70738, 0
0.638512, 1.70494, 0
0.648988, 1.70202, 0
0.659095, 1.69862, 0
0.668814, 1.6948, 0
0.678131, 1.69058, 0
0.687032, 1.686, 0
0.695507, 1.68109, 0
0.703548, 1.67588, 0
0.71115, 1.67041, 0
0.718178, 1.66498, 0
0.72479, 1.65951, 0
0.730999, 1.65401, 0
0.736817, 1.6485, 0
0.742257, 1.64299, 0
0.747331, 1.63749, 0
0.752053, 1.63202, 0
0.756436, 1.62659, 0
0.762678, 1.61833, 0
0.768449, 1.61017, 0
0.773767, 1.60213, 0
0.778651, 1.59421, 0
0.783122, 1.58642, 0
0.787198, 1.57878, 0
0.790896, 1.57128, 0
0.794236, 1.56394, 0
0.796876, 1.55791, 0
0.799319, 1.5521, 0
0.801576, 1.54651, 0
0.803659, 1.54113, 0
0.805577, 1.53594, 0
0.80734, 1.53096, 0
0.808957, 1.52616, 0
0.810438, 1.52155, 0
0.811791, 1.51711, 0
0.814027, 1.50954, 0
0.816101, 1.50228, 0
0.818023, 1.49533, 0
0.819801, 1.48867, 0
0.821444, 1.48229, 0
0.822961, 1.47618, 0
0.824359, 1.47032, 0
0.825646, 1.46472, 0
0.826751, 1.46022, 0
0.827876, 1.45593, 0
0.829017, 1.45184, 0
0.83017, 1.44795, 0
0.831332, 1.44423, 0
0.832501, 1.4407, 0
0.833672, 1.43733, 0
0.834844, 1.43412, 0
0.837226, 1.4278, 0
0.839566, 1.42178, 0
0.841862, 1.41605, 0
0.844115, 1.4106, 0
0.846323, 1.40541, 0
0.848485, 1.40046, 0
0.850602, 1.39576, 0
0.852673, 1.39128, 0
0.854698, 1.38702, 0
0.856912, 1.38279, 0
0.85921, 1.37877, 0
0.861583, 1.37496, 0
0.864019, 1.37136, 0
0.866507, 1.36796, 0
0.869039, 1.36476, 0
0.871604, 1.36175, 0
0.874195, 1.35893, 0
0.878751, 1.35413, 0
0.88319, 1.34961, 0
0.887513, 1.34535, 0
0.891719, 1.34134, 0
0.895811, 1.33756, 0
0.899789, 1.33401, 0
0.903655, 1.33067, 0
0.90741, 1.32754, 0
0.911791, 1.32417, 0
0.916174, 1.32107, 0
0.920544, 1.31823, 0
0.924893, 1.31565, 0
0.929209, 1.31332, 0
0.933483, 1.31122, 0
0.937707, 1.30934, 0
0.941871, 1.30769, 0
0.945969, 1.30625, 0
0.948108, 1.30551, 0
0.950158, 1.30483, 0
0.952124, 1.3042, 0
0.954008, 1.3036, 0
0.955814, 1.30306, 0
0.957545, 1.30255, 0
0.959203, 1.30208, 0
0.960792, 1.30164, 0
0.964349, 1.30083, 0
0.96785, 1.30021, 0
0.971286, 1.29975, 0
0.974651, 1.29945, 0
0.977939, 1.29931, 0
0.981145, 1.29932, 0
0.984263, 1.29946, 0
0.987289, 1.29973, 0
0.987289, 1.29973, 0
0.987289, 1.29973, 0
0.987289, 1.29973, 0
0.987289, 1.29973, 0
0.987289, 1.29973, 0
0.987289, 1.29973, 0
0.987289, 1.29973, 0
0.987289, 1.29973, 0
0.987289, 1.29973, 0
0.990228, 1.30013, 0
0.993074, 1.30065, 0
0.995822, 1.30127, 0
0.998471, 1.30201, 0
1.00102, 1.30284, 0
1.00346, 1.30375, 0
1.00579, 1.30475, 0
1.00802, 1.30582, 0
1.00719, 1.30557, 0
1.00636, 1.30545, 0
1.00557, 1.30544, 0
1.00481, 1.30554, 0
1.00411, 1.30573, 0
1.00346, 1.30599, 0
1.00287, 1.30631, 0
1.00233, 1.30668, 0
1.00021, 1.30789, 0
0.998014, 1.30891, 0
0.995763, 1.30976, 0
0.998067, 1.30907, 0
1.00041, 1.30854, 0
1.00277, 1.30817, 0
1.00513, 1.30796, 0
1.0075, 1.3079, 0
1.00984, 1.308, 0
1.01338, 1.30813, 0
1.01676, 1.30823, 0
1.01999, 1.3083, 0
1.02307, 1.30834, 0
1.02602, 1.30837, 0
1.02884, 1.30838, 0
1.03153, 1.30836, 0
1.0341, 1.30833, 0
1.03927, 1.30829, 0
1.0442, 1.30827, 0
1.04891, 1.30826, 0
1.05341, 1.30826, 0
1.05771, 1.30828, 0
1.06181, 1.30831, 0
1.06573, 1.30835, 0
1.06947, 1.30841, 0
1.07723, 1.30848, 0
1.08463, 1.30853, 0
1.09171, 1.30854, 0
1.09846, 1.30852, 0
1.10492, 1.30849, 0
1.11108, 1.30842, 0
1.11697, 1.30834, 0
1.12259, 1.30824, 0
1.12796, 1.30812, 0
1.13575, 1.30797, 0
1.14318, 1.30785, 0
1.15029, 1.30775, 0
1.15707, 1.30767, 0
1.16355, 1.30762, 0
1.16974, 1.30758, 0
1.17565, 1.30756, 0
1.18129, 1.30756, 0
1.19092, 1.30754, 0
1.20011, 1.30751, 0
1.20889, 1.30747, 0
1.21727, 1.30742, 0
1.22527, 1.30737, 0
1.23292, 1.3073, 0
1.24022, 1.30723, 0
1.2472, 1.30715, 0
1.25649, 1.30709, 0
1.26537, 1.30706, 0
1.27384, 1.30708, 0
1.28194, 1.30713, 0
1.28968, 1.30721, 0
1.29707, 1.30732, 0
1.30413, 1.30746, 0
1.31087, 1.30762, 0
1.3173, 1.3078, 0
1.32771, 1.3081, 0
1.33764, 1.30839, 0
1.34713, 1.30868, 0
1.35619, 1.30896, 0
1.36484, 1.30924, 0
1.37311, 1.30951, 0
1.381, 1.30977, 0
1.38853, 1.31003, 0
1.39834, 1.31043, 0
1.4077, 1.31087, 0
1.41665, 1.31135, 0
1.42519, 1.31186, 0
1.43335, 1.3124, 0
1.44114, 1.31297, 0
1.44858, 1.31356, 0
1.45568, 1.31417, 0
1.46674, 1.31515, 0
1.47729, 1.31611, 0
1.48737, 1.31706, 0
1.49699, 1.31799, 0
1.50618, 1.31891, 0
1.51495, 1.31981, 0
1.52333, 1.32069, 0
1.53133, 1.32156, 0
1.53896, 1.32241, 0
1.54877, 1.32359, 0
1.55814, 1.32481, 0
1.56708, 1.32605, 0
1.57561, 1.32732, 0
1.58376, 1.3286, 0
1.59153, 1.3299, 0
1.59895, 1.33122, 0
1.60604, 1.33254, 0
1.6171, 1.33465, 0
1.62767, 1.33672, 0
1.63775, 1.33874, 0
1.64737, 1.34071, 0
1.65655, 1.34264, 0
1.66531, 1.34452, 0
1.67367, 1.34635, 0
1.68165, 1.34814, 0
1.69114, 1.35042, 0
1.70018, 1.35273, 0
1.70881, 1.35508, 0
1.71703, 1.35745, 0
1.72487, 1.35983, 0
1.73234, 1.36223, 0
1.73945, 1.36464, 0
1.74623, 1.36704, 0
1.75268, 1.36944, 0
1.76058, 1.37238, 0
1.76813, 1.37518, 0
1.77533, 1.37786, 0
1.78222, 1.38042, 0
1.78879, 1.38286, 0
1.79507, 1.3852, 0
1.80106, 1.38742, 0
1.80679, 1.38955, 0
1.81201, 1.39162, 0
1.81698, 1.39373, 0
1.82171, 1.39585, 0
1.8262, 1.39799, 0
1.83046, 1.40014, 0
1.83451, 1.40229, 0
1.83834, 1.40444, 0
1.84198, 1.40659, 0
1.84557, 1.4088, 0
1.84897, 1.41098, 0
1.85219, 1.41314, 0
1.85524, 1.41525, 0
1.85812, 1.41734, 0
1.86085, 1.41938, 0
1.86343, 1.42139, 0
1.86586, 1.42337, 0
1.86816, 1.4253, 0
1.87043, 1.42731, 0
1.87256, 1.42929, 0
1.87456, 1.43125, 0
1.87643, 1.43319, 0
1.87818, 1.43509, 0
1.87982, 1.43697, 0
1.88135, 1.43881, 0
1.88278, 1.44062, 0
1.88398, 1.44218, 0
1.88511, 1.4437, 0
1.88617, 1.44516, 0
1.88717, 1.44657, 0
1.8881, 1.44794, 0
1.88898, 1.44926, 0
1.8898, 1.45053, 0
1.89057, 1.45176, 0
1.89159, 1.45353, 0
1.89252, 1.45527, 0
1.89335, 1.45699, 0
1.8941, 1.45868, 0
1.89477, 1.46034, 0
1.89536, 1.46196, 0
1.89587, 1.46355, 0
1.89631, 1.46511, 0
1.89668, 1.46663, 0
1.89684, 1.46726, 0
1.89699, 1.46786, 0
1.89713, 1.46843, 0
1.89726, 1.46898, 0
1.89739, 1.4695, 0
1.89751, 1.47, 0
1.89763, 1.47048, 0
1.89774, 1.47094, 0
1.89803, 1.4724, 0
1.89826, 1.47383, 0
1.89843, 1.47523, 0
1.89854, 1.47659, 0
1.89859, 1.47792, 0
1.8986, 1.4792, 0
1.89855, 1.48044, 0
1.89846, 1.48165, 0
1.89843, 1.4806, 0
1.8983, 1.47958, 0
1.89809, 1.47861, 0
1.8978, 1.47766, 0
1.89744, 1.47675, 0
1.89702, 1.47587, 0
1.8975, 1.47672, 0
1.89803, 1.47753, 0
1.89862, 1.47831, 0
1.89827, 1.47799, 0
1.8979, 1.47774, 0
1.8975, 1.47756, 0
1.8971, 1.47744, 0
1.89671, 1.47739, 0
1.89633, 1.4774, 0
1.89598, 1.47745, 0
1.89564, 1.47754, 0
1.8926, 1.47795, 0
1.88966, 1.47797, 0
1.88686, 1.47764, 0
1.88422, 1.47702, 0
1.88175, 1.47614, 0
1.87945, 1.47506, 0
1.87732, 1.47379, 0
1.87535, 1.47236, 0
1.87199, 1.46945, 0
1.86892, 1.46631, 0
1.86613, 1.46297, 0
1.86358, 1.45944, 0
1.8659, 1.46314, 0
1.86796, 1.46696, 0
1.86976, 1.47087, 0
1.8713, 1.47485, 0
1.87258, 1.47889, 0
1.87427, 1.48568, 0
1.87552, 1.49249, 0
1.87636, 1.4993, 0
1.87677, 1.50606, 0
1.87678, 1.51274, 0
1.87641, 1.51933, 0
1.87566, 1.5258, 0
1.87455, 1.53212, 0
1.87275, 1.53995, 0
1.87058, 1.54754, 0
1.86807, 1.55486, 0
1.86524, 1.5619, 0
1.86211, 1.56865, 0
1.85871, 1.5751, 0
1.8605, 1.56819, 0
1.85828, 1.57506, 0
1.85499, 1.5837, 0
1.85133, 1.592, 0
1.84733, 1.59994, 0
1.84936, 1.59147, 0
1.8468, 1.59989, 0
1.84742, 1.59122, 0
1.84622, 1.59986, 0
1.84553, 1.59122, 0
1.84548, 1.58259, 0
1.84487, 1.59291, 0
1.84362, 1.60308, 0
1.84174, 1.61307, 0
1.83926, 1.62282, 0
1.83954, 1.61286, 0
1.83857, 1.62278, 0
1.83741, 1.61292, 0
1.83701, 1.60306, 0
1.8367, 1.6151, 0
1.8356, 1.62702, 0
1.83374, 1.63876, 0
1.83301, 1.62699, 0
1.83313, 1.61522, 0
1.83223, 1.627, 0
1.83056, 1.63862, 0
1.82968, 1.627, 0
1.82976, 1.64028, 0
1.82894, 1.6535, 0
1.82722, 1.66658, 0
1.8261, 1.65351, 0
1.82595, 1.64045, 0
1.8252, 1.6535, 0
1.82357, 1.66642, 0
1.8224, 1.65352, 0
1.8222, 1.64062, 0
1.82144, 1.65568, 0
1.81971, 1.67057, 0
1.81704, 1.68519, 0
1.81647, 1.67046, 0
1.81695, 1.65574, 0
1.8155, 1.67045, 0
1.8131, 1.68494, 0
1.81231, 1.67039, 0
1.81206, 1.68658, 0
1.81072, 1.70266, 0
1.80861, 1.68673, 0
1.80771, 1.67077, 0
1.8075, 1.68675, 0
1.80619, 1.70263, 0
1.80409, 1.6869, 0
1.80318, 1.67115, 0
1.803, 1.68912, 0
1.80163, 1.70694, 0
1.79911, 1.72452, 0
1.79778, 1.70694, 0
1.79773, 1.68935, 0
1.7966, 1.70695, 0
1.79432, 1.72433, 0
1.79281, 1.70698, 0
1.79257, 1.68962, 0
1.79158, 1.70868, 0
1.78936, 1.72751, 0
1.78597, 1.74602, 0
1.78526, 1.72738, 0
1.78588, 1.70876, 0
1.78403, 1.72737, 0
1.78099, 1.74569, 0
1.77999, 1.72729, 0
1.77968, 1.74783, 0
1.77798, 1.76822, 0
1.7753, 1.74802, 0
1.77415, 1.72779, 0
1.77389, 1.74806, 0
1.77225, 1.7682, 0
1.76957, 1.74826, 0
1.76839, 1.72828, 0
1.76819, 1.74998, 0
1.76653, 1.77151, 0
1.76347, 1.79277, 0
1.76189, 1.77149, 0
1.76187, 1.75022, 0
1.76045, 1.77149, 0
1.75763, 1.7925, 0
1.75587, 1.7715, 0
1.75567, 1.75051, 0
1.75436, 1.77367, 0
1.75157, 1.79655, 0
1.74734, 1.81903, 0
1.74659, 1.79636, 0
1.74746, 1.77372, 0
1.74509, 1.79634, 0
1.74128, 1.8186, 0
1.74018, 1.79621, 0
1.73967, 1.82021, 0
1.7375, 1.84405, 0
1.73456, 1.82038, 0
1.73342, 1.7967, 0
1.73289, 1.82038, 0
1.73072, 1.84392, 0
1.72784, 1.82055, 0
1.72675, 1.79717, 0
1.7262, 1.82269, 0
1.72394, 1.848, 0
1.72002, 1.87297, 0
1.71848, 1.8479, 0
1.71878, 1.82287, 0
1.71678, 1.84787, 0
1.71313, 1.87256, 0
1.7114, 1.84781, 0
1.71149, 1.8231, 0
1.70971, 1.84789, 0
1.70628, 1.87239, 0
1.70438, 1.84787, 0
1.70429, 1.82337, 0
1.7027, 1.84785, 0
1.69949, 1.87205, 0
1.69744, 1.84785, 0
1.6972, 1.82367, 0
1.69578, 1.84784, 0
1.69275, 1.87175, 0
1.6906, 1.84787, 0
1.69023, 1.82399, 0
1.68896, 1.84785, 0
1.68607, 1.87148, 0
1.68384, 1.8479, 0
1.68338, 1.82434, 0
1.68237, 1.8451, 0
1.67997, 1.86567, 0
1.67791, 1.84518, 0
1.67738, 1.82468, 0
1.6765, 1.84519, 0
1.67425, 1.8655, 0
1.67211, 1.84528, 0
1.67148, 1.82505, 0
1.67071, 1.84529, 0
1.66889, 1.86257, 0
1.66697, 1.8454, 0
1.66633, 1.8282, 0
1.66579, 1.84542, 0
1.66411, 1.86249, 0
1.6621, 1.84555, 0
1.66137, 1.82857, 0
1.66094, 1.84557, 0
1.65964, 1.85965, 0
1.65742, 1.87353, 0
1.65659, 1.85959, 0
1.65678, 1.84567, 0
1.65565, 1.85958, 0
1.65361, 1.87331, 0
1.65266, 1.85955, 0
1.65271, 1.84581, 0
1.65194, 1.85676, 0
1.65046, 1.86757, 0
1.64957, 1.85677, 0
1.64947, 1.84597, 0
1.64885, 1.85678, 0
1.64751, 1.86747, 0
1.64652, 1.85681, 0
1.6463, 1.84615, 0
1.64579, 1.85683, 0
1.64491, 1.86462, 0
1.64355, 1.87228, 0
1.64322, 1.86457, 0
1.64344, 1.85687, 0
1.64271, 1.86457, 0
1.64149, 1.87215, 0
1.64104, 1.86454, 0
1.64113, 1.85694, 0
1.64077, 1.86178, 0
1.64011, 1.86655, 0
1.63916, 1.87122, 0
1.63795, 1.87577, 0
1.63813, 1.87112, 0
1.63763, 1.87576, 0
1.63713, 1.87114, 0
1.63697, 1.86653, 0
1.63692, 1.86839, 0
1.63676, 1.87023, 0
1.6365, 1.87203, 0
1.63613, 1.87379, 0
1.63568, 1.8755, 0
1.63513, 1.87716, 0
1.6345, 1.87876, 0
1.63475, 1.87709, 0
1.63439, 1.87875, 0
1.63454, 1.87763, 0
1.63462, 1.87651, 0
1.63462, 1.87764, 0
1.63469, 1.87876, 0
1.63483, 1.87986, 0
1.63504, 1.88094, 0
1.63532, 1.882, 0
1.63566, 1.88303, 0
1.63707, 1.88664, 0
1.63866, 1.8901, 0
1.6404, 1.89342, 0
1.64229, 1.89658, 0
1.64431, 1.89959, 0
1.64645, 1.90242, 0
1.64869, 1.90509, 0
1.65103, 1.90759, 0
1.65419, 1.91068, 0
1.6574, 1.91355, 0
1.66064, 1.9162, 0
1.66392, 1.91864, 0
1.66721, 1.92087, 0
1.67051, 1.92291, 0
1.6738, 1.92474, 0
1.67708, 1.92639, 0
1.68034, 1.92785, 0
1.68501, 1.92979, 0
1.68956, 1.93153, 0
1.69398, 1.93308, 0
1.69829, 1.93446, 0
1.70247, 1.93567, 0
1.70652, 1.93671, 0
1.71045, 1.93761, 0
1.71426, 1.93837, 0
1.71774, 1.93898, 0
1.7211, 1.93947, 0
1.72433, 1.93987, 0
1.72746, 1.94017, 0
1.73047, 1.94038, 0
1.73336, 1.94051, 0
1.73615, 1.94056, 0
1.73883, 1.94055, 0
1.74405, 1.94041, 0
1.74905, 1.94017, 0
1.75385, 1.93984, 0
1.75844, 1.93943, 0
1.76284, 1.93894, 0
1.76705, 1.93838, 0
1.77108, 1.93776, 0
1.77493, 1.93709, 0
1.77861, 1.93636, 0
1.78062, 1.93585, 0
1.78256, 1.93526, 0
1.78443, 1.93458, 0
1.78623, 1.93383, 0
1.78795, 1.933, 0
1.78959, 1.93211, 0
1.79114, 1.93116, 0
1.79262, 1.93016, 0
1.79398, 1.9292, 0
1.79527, 1.92826, 0
1.79649, 1.92733, 0
1.79764, 1.92641, 0
1.79873, 1.92552, 0
1.79976, 1.92464, 0
1.80073, 1.92378, 0
1.80164, 1.92294, 0
1.80009, 1.92461, 0
1.79866, 1.92638, 0
1.79997, 1.92452, 0
1.80115, 1.92258, 0
1.80219, 1.92058, 0
1.8031, 1.91854, 0
1.80386, 1.91646, 0
1.8045, 1.91436, 0
1.80499, 1.91225, 0
1.80507, 1.91193, 0
1.80516, 1.91162, 0
1.80516, 1.91162, 0
1.80516, 1.91162, 0
1.80516, 1.91162, 0
1.80516, 1.91162, 0
1.80516, 1.91162, 0
1.80516, 1.91162, 0
1.80569, 1.90893, 0
1.80604, 1.90624, 0
1.80622, 1.90356, 0
1.80623, 1.90089, 0
1.80608, 1.89825, 0
1.80577, 1.89566, 0
1.80531, 1.89312, 0
1.80471, 1.89065, 0
1.80503, 1.89146, 0
1.80543, 1.8922, 0
1.80589, 1.89285, 0
1.80641, 1.89343, 0
1.80697, 1.89393, 0
1.80756, 1.89436, 0
1.80817, 1.89472, 0
1.8088, 1.89502, 0
1.80944, 1.89527, 0
1.8068, 1.89429, 0
1.80425, 1.89338, 0
1.80181, 1.89254, 0
1.79947, 1.89176, 0
1.79721, 1.89105, 0
1.79505, 1.89039, 0
1.79297, 1.88979, 0
1.79098, 1.88924, 0
1.79196, 1.88965, 0
1.79284, 1.89015, 0
1.79364, 1.89073, 0
1.79434, 1.89136, 0
1.79496, 1.89204, 0
1.7955, 1.89276, 0
1.79596, 1.89351, 0
1.79636, 1.89429, 0
1.7952, 1.89203, 0
1.79408, 1.88988, 0
1.79301, 1.88782, 0
1.79198, 1.88586, 0
1.79099, 1.88399, 0
1.79005, 1.88221, 0
1.78914, 1.8805, 0
1.78828, 1.87888, 0
1.78745, 1.87733, 0
1.78664, 1.87574, 0
1.7859, 1.8742, 0
1.78523, 1.8727, 0
1.78462, 1.87125, 0
1.78406, 1.86984, 0
1.78355, 1.86848, 0
1.7831, 1.86715, 0
1.78269, 1.86588, 0
1.78155, 1.86242, 0
1.78042, 1.85912, 0
1.77931, 1.85599, 0
1.77822, 1.853, 0
1.77715, 1.85015, 0
1.77609, 1.84744, 0
1.77506, 1.84486, 0
1.77404, 1.8424, 0
1.77361, 1.84123, 0
1.77325, 1.84008, 0
1.77294, 1.83895, 0
1.77268, 1.83783, 0
1.77248, 1.83674, 0
1.77233, 1.83568, 0
1.77222, 1.83463, 0
1.77216, 1.83362, 0
1.77214, 1.83263, 0
1.77203, 1.82981, 0
1.77185, 1.8271, 0
1.77162, 1.8245, 0
1.77135, 1.82201, 0
1.77103, 1.81963, 0
1.77067, 1.81735, 0
1.77028, 1.81517, 0
1.76985, 1.81308, 0
1.76972, 1.81219, 0
1.76964, 1.8113, 0
1.7696, 1.81043, 0
1.76961, 1.80957, 0
1.76966, 1.80874, 0
1.76975, 1.80792, 0
1.76988, 1.80713, 0
1.77005, 1.80635, 0
1.77048, 1.80395, 0
1.77081, 1.80161, 0
1.77105, 1.79933, 0
1.77119, 1.79712, 0
1.77126, 1.79497, 0
1.77124, 1.79289, 0
1.77114, 1.79087, 0
1.77098, 1.78893, 0
1.77076, 1.78705, 0
1.77073, 1.78639, 0
1.77074, 1.78574, 0
1.77079, 1.78509, 0
1.77089, 1.78445, 0
1.77102, 1.78382, 0
1.7712, 1.78321, 0
1.77141, 1.78261, 0
1.77166, 1.78204, 0
1.77245, 1.77991, 0
1.77311, 1.77777, 0
1.77364, 1.77565, 0
1.77406, 1.77355, 0
1.77437, 1.77147, 0
1.77456, 1.76942, 0
1.77465, 1.76741, 0
1.77464, 1.76543, 0
1.77461, 1.76585, 0
1.77455, 1.76627, 0
1.77464, 1.76586, 0
1.77475, 1.76545, 0
1.77489, 1.76506, 0
1.77505, 1.76468, 0
1.77523, 1.76432, 0
1.77543, 1.76396, 0
1.77566, 1.76363, 0
1.77686, 1.76153, 0
1.77792, 1.75937, 0
1.77884, 1.75716, 0
1.7796, 1.75493, 0
1.78022, 1.75267, 0
1.7807, 1.7504, 0
1.78103, 1.74814, 0
1.78122, 1.74588, 0
1.78122, 1.74588, 0
1.78122, 1.74588, 0
1.78122, 1.74588, 0
1.78122, 1.74588, 0
1.78122, 1.74588, 0
1.78122, 1.74588, 0
1.78122, 1.74588, 0
1.78122, 1.74588, 0
1.78133, 1.74321, 0
1.78131, 1.74059, 0
1.78118, 1.73804, 0
1.78093, 1.73557, 0
1.78059, 1.73317, 0
1.78015, 1.73085, 0
1.77961, 1.72861, 0
1.779, 1.72645, 0
1.77831, 1.72438, 0
1.77831, 1.72438, 0
1.77831, 1.72438, 0
1.77831, 1.72438, 0
1.77831, 1.72438, 0
1.77831, 1.72438, 0
1.77831, 1.72438, 0
1.77831, 1.72438, 0
1.77831, 1.72438, 0
1.77743, 1.72199, 0
1.77652, 1.71971, 0
1.77558, 1.71753, 0
1.77461, 1.71546, 0
1.77362, 1.7135, 0
1.77262, 1.71164, 0
1.77159, 1.70987, 0
1.77056, 1.7082, 0
1.77078, 1.70864, 0
1.77095, 1.70908, 0
1.77109, 1.70953, 0
1.77119, 1.71, 0
1.77112, 1.70953, 0
1.77108, 1.70906, 0
1.77108, 1.70859, 0
1.7711, 1.70813, 0
1.77115, 1.70767, 0
1.77133, 1.70526, 0
1.77139, 1.7029, 0
1.77136, 1.70061, 0
1.77123, 1.69838, 0
1.77101, 1.69622, 0
1.7707, 1.69413, 0
1.77032, 1.69211, 0
1.76986, 1.69017, 0
1.76977, 1.68964, 0
1.76972, 1.68912, 0
1.76969, 1.6886, 0
1.7697, 1.68808, 0
1.76975, 1.68758, 0
1.76982, 1.68708, 0
1.76992, 1.68659, 0
1.77004, 1.68612, 0
1.77053, 1.68378, 0
1.7709, 1.68147, 0
1.77115, 1.67919, 0
1.77127, 1.67695, 0
1.77129, 1.67476, 0
1.77119, 1.67261, 0
1.771, 1.67052, 0
1.77071, 1.66848, 0
1.77033, 1.66651, 0
1.77088, 1.6682, 0
1.77159, 1.66975, 0
1.77244, 1.67117, 0
1.7734, 1.67244, 0
1.77445, 1.67359, 0
1.77558, 1.67461, 0
1.77677, 1.67552, 0
1.77802, 1.67632, 0
1.78138, 1.67802, 0
1.7848, 1.67933, 0
1.78824, 1.6803, 0
1.7917, 1.68095, 0
1.79516, 1.68132, 0
1.79861, 1.68142, 0
1.79516, 1.68156, 0
1.79174, 1.68193, 0
1.79768, 1.68081, 0
1.8035, 1.67926, 0
1.79778, 1.6812, 0
1.79223, 1.6835, 0
1.78688, 1.68615, 0
1.78175, 1.68911, 0
1.77685, 1.69237, 0
1.77221, 1.69591, 0
1.76785, 1.69969, 0
1.76176, 1.70566, 0
1.75611, 1.71193, 0
1.75091, 1.71846, 0
1.74617, 1.7252, 0
1.74189, 1.73213, 0
1.73808, 1.7392, 0
1.73474, 1.74639, 0
1.73186, 1.75365, 0
1.72853, 1.7635, 0
1.72577, 1.77333, 0
1.72357, 1.7831, 0
1.72191, 1.79277, 0
1.72076, 1.80231, 0
1.72012, 1.8117, 0
1.71995, 1.82091, 0
1.72023, 1.82991, 0
1.72097, 1.83927, 0
1.72211, 1.84836, 0
1.72364, 1.85717, 0
1.72552, 1.86569, 0
1.72774, 1.87391, 0
1.73027, 1.88181, 0
1.73308, 1.88939, 0
1.73615, 1.89665, 0
1.73946, 1.90358, 0
1.74304, 1.91035, 0
1.74679, 1.91678, 0
1.75069, 1.92287, 0
1.75472, 1.92862, 0
1.75886, 1.93405, 0
1.76309, 1.93916, 0
1.7674, 1.94394, 0
1.77177, 1.94841, 0
1.77626, 1.9527, 0
1.78075, 1.95668, 0
1.78523, 1.96039, 0
1.78969, 1.96382, 0
1.79411, 1.96698, 0
1.7985, 1.96988, 0
1.80283, 1.97254, 0
1.80712, 1.97497, 0
1.81131, 1.97716, 0
1.81542, 1.97914, 0
1.81946, 1.98093, 0
1.82341, 1.98252, 0
1.82728, 1.98393, 0
1.83106, 1.98517, 0
1.83474, 1.98625, 0
1.83833, 1.98718, 0
1.84182, 1.98795, 0
1.84533, 1.98864, 0
1.84872, 1.98922, 0
1.852, 1.98969, 0
1.85516, 1.99006, 0
1.8582, 1.99035, 0
1.86114, 1.99054, 0
1.86397, 1.99066, 0
1.86669, 1.9907, 0
1.86917, 1.99066, 0
1.87156, 1.99055, 0
1.87386, 1.99037, 0
1.87607, 1.99013, 0
1.8782, 1.98983, 0
1.88024, 1.98948, 0
1.8822, 1.98908, 0
1.88407, 1.98864, 0
1.88562, 1.98824, 0
1.88711, 1.98783, 0
1.88852, 1.9874, 0
1.88987, 1.98695, 0
1.89116, 1.9865, 0
1.89238, 1.98604, 0
1.89354, 1.98558, 0
1.89465, 1.98511, 0
1.8957, 1.98463, 0
1.89772, 1.98362, 0
1.89963, 1.98254, 0
1.90145, 1.98141, 0
1.90317, 1.98024, 0
1.90479, 1.97902, 0
1.90632, 1.97777, 0
1.90775, 1.97649, 0
1.90909, 1.97519, 0
1.91017, 1.97405, 0
1.91117, 1.97289, 0
1.91209, 1.97173, 0
1.91294, 1.97056, 0
1.91372, 1.96939, 0
1.91443, 1.96822, 0
1.91507, 1.96705, 0
1.91564, 1.9659, 0
1.91637, 1.96431, 0
1.91701, 1.96276, 0
1.91758, 1.96123, 0
1.91808, 1.95973, 0
1.91851, 1.95827, 0
1.91888, 1.95685, 0
1.91919, 1.95546, 0
1.91945, 1.9541, 0
1.91965, 1.95279, 0
1.9198, 1.95151, 0
1.9199, 1.95027, 0
1.91996, 1.94907, 0
1.91998, 1.94791, 0
1.91996, 1.94679, 0
1.91991, 1.94571, 0
1.91982, 1.94467, 0
1.91971, 1.94366, 0
1.91956, 1.9427, 0
1.91939, 1.94177, 0
1.9192, 1.94089, 0
1.91898, 1.94003, 0
1.91875, 1.93922, 0
1.9185, 1.93844, 0
1.91823, 1.9377, 0
1.91795, 1.93699, 0
1.91766, 1.93632, 0
1.91736, 1.93568, 0
1.91705, 1.93507, 0
1.91673, 1.93449, 0
1.9164, 1.93395, 0
1.91607, 1.93343, 0
1.91574, 1.93295, 0
1.9154, 1.93249, 0
1.91506, 1.93205, 0
1.91473, 1.93165, 0
1.91439, 1.93127, 0
1.91405, 1.93091, 0
1.91371, 1.93058, 0
1.91338, 1.93027, 0
1.91305, 1.92998, 0
1.91272, 1.92971, 0
1.9124, 1.92946, 0
1.91208, 1.92923, 0
1.90749, 1.92606, 0
1.90299, 1.92313, 0
1.89859, 1.92043, 0
1.8943, 1.91793, 0
1.89011, 1.91564, 0
1.88603, 1.91354, 0
1.88206, 1.91162, 0
1.87819, 1.90987, 0
1.87183, 1.90718, 0
1.86565, 1.90473, 0
1.85967, 1.90252, 0
1.85387, 1.90053, 0
1.84826, 1.89875, 0
1.84283, 1.89717, 0
1.83758, 1.89577, 0
1.83251, 1.89455, 0
1.82554, 1.89294, 0
1.81886, 1.89146, 0
1.81246, 1.8901, 0
1.80634, 1.88887, 0
1.80047, 1.88774, 0
1.79485, 1.88671, 0
1.78947, 1.88578, 0
1.78432, 1.88494, 0
1.77939, 1.88418, 0
1.77171, 1.88309, 0
1.76435, 1.88215, 0
1.7573, 1.88133, 0
1.75054, 1.88064, 0
1.74407, 1.88006, 0
1.73788, 1.87958, 0
1.73195, 1.87919, 0
1.72627, 1.8789, 0
1.71897, 1.8785, 0
1.712, 1.8781, 0
1.70535, 1.8777, 0
1.69899, 1.8773, 0
1.69293, 1.8769, 0
1.68713, 1.87651, 0
1.6816, 1.87611, 0
1.67632, 1.87572, 0
1.66853, 1.87519, 0
1.66108, 1.87472, 0
1.65397, 1.8743, 0
1.64717, 1.87394, 0
1.64068, 1.87362, 0
1.63447, 1.87336, 0
1.62854, 1.87313, 0
1.62288, 1.87295, 0
1.61747, 1.8728, 0
1.61085, 1.87256, 0
1.60453, 1.87228, 0
1.59848, 1.87196, 0
1.59271, 1.87161, 0
1.5872, 1.87123, 0
1.58194, 1.87082, 0
1.57691, 1.87038, 0
1.5721, 1.86992, 0
1.56578, 1.86935, 0
1.55973, 1.86882, 0
1.55395, 1.86834, 0
1.54843, 1.8679, 0
1.54316, 1.8675, 0
1.53812, 1.86714, 0
1.5333, 1.86682, 0
1.5287, 1.86653, 0
1.52389, 1.86617, 0
1.51929, 1.86578, 0
1.5149, 1.86536, 0
1.5107, 1.86491, 0
1.50669, 1.86444, 0
1.50287, 1.86395, 0
1.49921, 1.86344, 0
1.49573, 1.86291, 0
1.4924, 1.86237, 0
1.48884, 1.86184, 0
1.48543, 1.86136, 0
1.48217, 1.86094, 0
1.47904, 1.86056, 0
1.47605, 1.86024, 0
1.47319, 1.85996, 0
1.47045, 1.85972, 0
1.46783, 1.85952, 0
1.46534, 1.85929, 0
1.46296, 1.85903, 0
1.46069, 1.85874, 0
1.45851, 1.85843, 0
1.45644, 1.8581, 0
1.45445, 1.85775, 0
1.45256, 1.85739, 0
1.45075, 1.85701, 0
1.44924, 1.85673, 0
1.44779, 1.85649, 0
1.44638, 1.85631, 0
1.44503, 1.85616, 0
1.44372, 1.85605, 0
1.44246, 1.85598, 0
1.44125, 1.85594, 0
1.44009, 1.85593, 0
1.43897, 1.85595, 0
1.43786, 1.85592, 0
1.43678, 1.85585, 0
1.43573, 1.85573, 0
1.43472, 1.85558, 0
1.43374, 1.85539, 0
1.4328, 1.85517, 0
1.43189, 1.85491, 0
1.43103, 1.85463, 0
1.43151, 1.85474, 0
1.432, 1.85482, 0
1.43249, 1.85485, 0
1.432, 1.85485, 0
1.43151, 1.85488, 0
1.43103, 1.85494, 0
1.43055, 1.85504, 0
1.43009, 1.85516, 0
1.43106, 1.85499, 0
1.43203, 1.85491, 0
1.433, 1.8549, 0
1.43396, 1.85497, 0
1.433, 1.85484, 0
1.43206, 1.85465, 0
1.43114, 1.8544, 0
1.43025, 1.85409, 0
1.42938, 1.85373, 0
1.43008, 1.85391, 0
1.43076, 1.85399, 0
1.43142, 1.85399, 0
1.43204, 1.8539, 0
1.43263, 1.85376, 0
1.43318, 1.85355, 0
1.43369, 1.85331, 0
1.43417, 1.85302, 0
1.43525, 1.85251, 0
1.43635, 1.85214, 0
1.43744, 1.85188, 0
1.43853, 1.85172, 0
1.43961, 1.85167, 0
1.44068, 1.8517, 0
1.44174, 1.85181, 0
1.44069, 1.85163, 0
1.44128, 1.85181, 0
1.44181, 1.85206, 0
1.44229, 1.85236, 0
1.44272, 1.85271, 0
1.44308, 1.85308, 0
1.4434, 1.85347, 0
1.44368, 1.85389, 0
1.4439, 1.85431, 0
1.44409, 1.85475, 0
1.44353, 1.85333, 0
1.44302, 1.85195, 0
1.44257, 1.85061, 0
1.44218, 1.8493, 0
1.44183, 1.84804, 0
1.44153, 1.84681, 0
1.44128, 1.84562, 0
1.44106, 1.84447, 0
1.44116, 1.84538, 0
1.44119, 1.8463, 0
1.44122, 1.84538, 0
1.44132, 1.84447, 0
1.44147, 1.84358, 0
1.44168, 1.8427, 0
1.44195, 1.84185, 0
1.44227, 1.84102, 0
1.44302, 1.83915, 0
1.44378, 1.83738, 0
1.44455, 1.8357, 0
1.44531, 1.83409, 0
1.44607, 1.83257, 0
1.44684, 1.83113, 0
1.44759, 1.82976, 0
1.44835, 1.82846, 0
1.44909, 1.82723, 0
1.45049, 1.82515, 0
1.45194, 1.82318, 0
1.45344, 1.82133, 0
1.45498, 1.8196, 0
1.45656, 1.81797, 0
1.45816, 1.81646, 0
1.45978, 1.81506, 0
1.46142, 1.81377, 0
1.46384, 1.81184, 0
1.46613, 1.80998, 0
1.46831, 1.80819, 0
1.47039, 1.80647, 0
1.47236, 1.80481, 0
1.47423, 1.80321, 0
1.47601, 1.80167, 0
1.4777, 1.80019, 0
1.47987, 1.79828, 0
1.48193, 1.79644, 0
1.4839, 1.79467, 0
1.48577, 1.79298, 0
1.48754, 1.79135, 0
1.48924, 1.78979, 0
1.49085, 1.7883, 0
1.49238, 1.78686, 0
1.49384, 1.78549, 0
1.49702, 1.78234, 0
1.50001, 1.77925, 0
1.50281, 1.77623, 0
1.50543, 1.77326, 0
1.50789, 1.77036, 0
1.51018, 1.76752, 0
1.51232, 1.76475, 0
1.51432, 1.76204, 0
1.5165, 1.75896, 0
1.51852, 1.75596, 0
1.52041, 1.75304, 0
1.52216, 1.75021, 0
1.52378, 1.74746, 0
1.52528, 1.74478, 0
1.52667, 1.74219, 0
1.52795, 1.73968, 0
1.53036, 1.73471, 0
1.53257, 1.7299, 0
1.5346, 1.72525, 0
1.53646, 1.72076, 0
1.53816, 1.71641, 0
1.53971, 1.71221, 0
1.54111, 1.70815, 0
1.54238, 1.70424, 0
1.54352, 1.70046, 0
1.54474, 1.69611, 0
1.54583, 1.69191, 0
1.54678, 1.68786, 0
1.54762, 1.68396, 0
1.54835, 1.6802, 0
1.54898, 1.67658, 0
1.5495, 1.6731, 0
1.54994, 1.66975, 0
1.55064, 1.66384, 0
1.55124, 1.65818, 0
1.55175, 1.65276, 0
1.55217, 1.64756, 0
1.55251, 1.64259, 0
1.55277, 1.63783, 0
1.55297, 1.63327, 0
1.5531, 1.62891, 0
1.55319, 1.62358, 0
1.5532, 1.61847, 0
1.55314, 1.61358, 0
1.55301, 1.6089, 0
1.55283, 1.60442, 0
1.55258, 1.60014, 0
1.5523, 1.59604, 0
1.55196, 1.59213, 0
1.55159, 1.58839, 0
1.55094, 1.5822, 0
1.55029, 1.57629, 0
1.54965, 1.57064, 0
1.54901, 1.56526, 0
1.54837, 1.56012, 0
1.54774, 1.55521, 0
1.54712, 1.55052, 0
1.54651, 1.54605, 0
1.54566, 1.54019, 0
1.5448, 1.53461, 0
1.54394, 1.52928, 0
1.54309, 1.52419, 0
1.54223, 1.51933, 0
1.54138, 1.5147, 0
1.54053, 1.51028, 0
1.53968, 1.50606, 0
1.53837, 1.49945, 0
1.53712, 1.49314, 0
1.53594, 1.48711, 0
1.53481, 1.48135, 0
1.53374, 1.47585, 0
1.53273, 1.47059, 0
1.53177, 1.46557, 0
1.53086, 1.46078, 0
1.52999, 1.4562, 0
1.52883, 1.45045, 0
1.52764, 1.44497, 0
1.52644, 1.43974, 0
1.52522, 1.43475, 0
1.52399, 1.43, 0
1.52276, 1.42546, 0
1.52152, 1.42114, 0
1.52029, 1.41702, 0
1.51845, 1.41087, 0
1.5167, 1.40501, 0
1.51504, 1.3994, 0
1.51346, 1.39404, 0
1.51197, 1.38892, 0
1.51054, 1.38403, 0
1.50919, 1.37936, 0
1.5079, 1.3749, 0
1.50608, 1.36898, 0
1.50423, 1.36333, 0
1.50237, 1.35796, 0
1.50049, 1.35284, 0
1.49861, 1.34797, 0
1.49672, 1.34334, 0
1.49483, 1.33893, 0
1.49294, 1.33474, 0
1.49107, 1.33076, 0
1.48859, 1.32546, 0
1.48624, 1.32038, 0
1.48402, 1.31553, 0
1.48191, 1.31089, 0
1.47991, 1.30645, 0
1.47802, 1.3022, 0
1.47622, 1.29813, 0
1.47452, 1.29424, 0
1.47199, 1.28865, 0
1.4695, 1.28333, 0
1.46705, 1.27827, 0
1.46464, 1.27347, 0
1.46228, 1.2689, 0
1.45996, 1.26456, 0
1.45768, 1.26043, 0
1.45546, 1.25651, 0
1.45273, 1.25161, 0
1.45018, 1.2469, 0
1.44778, 1.24237, 0
1.44553, 1.23801, 0
1.44342, 1.23382, 0
1.44145, 1.2298, 0
1.43961, 1.22593, 0
1.43788, 1.22222, 0
1.43626, 1.21865, 0
1.43386, 1.21344, 0
1.43151, 1.20848, 0
1.42923, 1.20375, 0
1.42702, 1.19926, 0
1.42487, 1.19498, 0
1.42278, 1.1909, 0
1.42075, 1.18703, 0
1.41879, 1.18334, 0
1.41643, 1.17872, 0
1.41424, 1.17426, 0
1.41223, 1.16995, 0
1.41037, 1.16579, 0
1.40866, 1.16177, 0
1.40709, 1.15789, 0
1.40565, 1.15415, 0
1.40433, 1.15053, 0
1.40209, 1.14441, 0
1.39993, 1.13857, 0
1.39786, 1.133, 0
1.39586, 1.12769, 0
1.39394, 1.12261, 0
1.3921, 1.11777, 0
1.39033, 1.11315, 0
1.38863, 1.10874, 0
1.38699, 1.10454, 0
1.38444, 1.09794, 0
1.38202, 1.09164, 0
1.37972, 1.08561, 0
1.37753, 1.07985, 0
1.37545, 1.07435, 0
1.37348, 1.06909, 0
1.3716, 1.06406, 0
1.36982, 1.05925, 0
1.36678, 1.05127, 0
1.3638, 1.04367, 0
1.36089, 1.03642, 0
1.35804, 1.02953, 0
1.35526, 1.02296, 0
1.35255, 1.0167, 0
1.3499, 1.01075, 0
1.34732, 1.00508, 0
1.34378, 0.997347, 0
1.34039, 0.989964, 0
1.33714, 0.982917, 0
1.33402, 0.976193, 0
1.33104, 0.969775, 0
1.32818, 0.96365, 0
1.32544, 0.957805, 0
1.32282, 0.952227, 0
1.3203, 0.946903, 0
1.3162, 0.938328, 0
1.31223, 0.930156, 0
1.3084, 0.922371, 0
1.3047, 0.914954, 0
1.30112, 0.907888, 0
1.29767, 0.901156, 0
1.29434, 0.894743, 0
1.29112, 0.888635, 0
1.28691, 0.880594, 0
1.2829, 0.872905, 0
1.27909, 0.865553, 0
1.27547, 0.858522, 0
1.27203, 0.8518, 0
1.26876, 0.845372, 0
1.26565, 0.839225, 0
1.26269, 0.833348, 0
1.25817, 0.824336, 0
1.25386, 0.815725, 0
1.24976, 0.807496, 0
1.24585, 0.799633, 0
1.24212, 0.792119, 0
1.23857, 0.784939, 0
1.23519, 0.778078, 0
1.23197, 0.771521, 0
1.2289, 0.765256, 0
1.2249, 0.756926, 0
1.22114, 0.748938, 0
1.2176, 0.741276, 0
1.21428, 0.733929, 0
1.21116, 0.726884, 0
1.20823, 0.720128, 0
1.20548, 0.713651, 0
1.20289, 0.707442, 0
1.19916, 0.698262, 0
1.19566, 0.689465, 0
1.19237, 0.681033, 0
1.18929, 0.672952, 0
1.18641, 0.665209, 0
1.1837, 0.657789, 0
1.18118, 0.65068, 0
1.17881, 0.643869, 0
1.17576, 0.634753, 0
1.17295, 0.626003, 0
1.17035, 0.617605, 0
1.16795, 0.609545, 0
1.16575, 0.601813, 0
1.16373, 0.594394, 0
1.16188, 0.587278, 0
1.16018, 0.580453, 0
1.15864, 0.573907, 0
1.15663, 0.564897, 0
1.15482, 0.556253, 0
1.1532, 0.547961, 0
1.15175, 0.54001, 0
1.15045, 0.532385, 0
1.14931, 0.525075, 0
1.14831, 0.518069, 0
1.14744, 0.511354, 0
1.14635, 0.502127, 0
1.14543, 0.493289, 0
1.14464, 0.484824, 0
1.144, 0.476717, 0
1.14347, 0.468956, 0
1.14307, 0.461525, 0
1.14277, 0.454413, 0
1.14256, 0.447607, 0
1.14238, 0.438294, 0
1.14231, 0.429389, 0
1.14233, 0.420872, 0
1.14244, 0.41273, 0
1.14262, 0.404945, 0
1.14288, 0.397504, 0
1.14321, 0.390392, 0
1.14359, 0.383595, 0
1.14403, 0.377101, 0
1.14471, 0.368119, 0
1.14544, 0.35954, 0
1.14619, 0.351347, 0
1.14698, 0.343523, 0
1.14779, 0.336053, 0
1.14863, 0.32892, 0
1.14949, 0.32211, 0
1.15036, 0.315608, 0
1.15125, 0.309402, 0
1.15215, 0.303477, 0
1.15305, 0.297823, 0
1.15395, 0.292426, 0
1.15486, 0.287275, 0
1.15577, 0.28236, 0
1.15668, 0.27767, 0
1.15758, 0.273195, 0
1.15848, 0.268925, 0
1.15937, 0.264853, 0
1.16026, 0.260967, 0
1.16114, 0.257261, 0
1.16201, 0.253727, 0
1.16287, 0.250356, 0
1.16371, 0.247142, 0
1.16455, 0.244077, 0
1.16537, 0.241154, 0
1.16618, 0.238368, 0
1.16698, 0.235712, 0
1.16776, 0.23318, 0
1.16852, 0.230766, 0
1.16928, 0.228466, 0
1.17002, 0.226274, 0
1.17074, 0.224186, 0
1.17144, 0.222195, 0
1.17214, 0.220299, 0
1.17281, 0.218492, 0
1.17347, 0.216772, 0
1.17412, 0.215132, 0
1.17475, 0.213571, 0
1.17536, 0.212084, 0
1.17596, 0.210668, 0
1.17654, 0.209319, 0
1.17711, 0.208036, 0
1.17766, 0.206813, 0
1.1782, 0.20565, 0
1.17872, 0.204542, 0
1.17923, 0.203488, 0
1.17972, 0.202484, 0
1.1802, 0.201529, 0
1.18067, 0.20062, 0
1.18112, 0.199755, 0
1.1842, 0.19449, 0
1.18743, 0.189494, 0
1.19081, 0.184771, 0
1.19432, 0.18032, 0
1.19794, 0.176141, 0
1.20165, 0.172231, 0
1.20543, 0.168587, 0
1.20927, 0.165207, 0
1.21534, 0.160316, 0
1.22145, 0.155816, 0
1.22759, 0.151696, 0
1.23372, 0.147947, 0
1.23984, 0.144559, 0
1.24593, 0.14152, 0
1.25196, 0.138819, 0
1.25794, 0.136443, 0
1.26384, 0.13438, 0
1.27222, 0.131783, 0
1.28042, 0.129564, 0
1.28842, 0.127701, 0
1.29623, 0.126177, 0
1.30383, 0.124973, 0
1.31123, 0.124071, 0
1.31841, 0.123453, 0
1.32537, 0.123101, 0
1.33469, 0.122895, 0
1.34366, 0.122948, 0
1.3523, 0.123244, 0
1.36061, 0.123763, 0
1.3686, 0.124489, 0
1.37627, 0.125403, 0
1.38362, 0.126491, 0
1.39067, 0.127737, 0
1.39989, 0.129561, 0
1.4087, 0.131491, 0
1.41711, 0.133514, 0
1.42514, 0.13562, 0
1.4328, 0.137796, 0
1.4401, 0.140033, 0
1.44706, 0.142322, 0
1.45368, 0.144654, 0
1.45999, 0.14702, 0
1.46834, 0.150269, 0
1.47629, 0.153475, 0
1.48386, 0.156635, 0
1.49106, 0.159747, 0
1.49791, 0.162809, 0
1.50442, 0.165819, 0
1.51062, 0.168776, 0
1.51651, 0.171678, 0
1.52443, 0.175634, 0
1.53198, 0.179453, 0
1.53917, 0.18314, 0
1.54602, 0.186699, 0
1.55255, 0.190134, 0
1.55876, 0.193449, 0
1.56469, 0.196648, 0
1.57033, 0.199735, 0
1.57806, 0.203963, 0
1.58544, 0.208, 0
1.59249, 0.211854, 0
1.59922, 0.215534, 0
1.60565, 0.219048, 0
1.61179, 0.222402, 0
1.61766, 0.225605, 0
1.62326, 0.228663, 0
1.62862, 0.231582, 0
1.63615, 0.235655, 0
1.64337, 0.239516, 0
1.65027, 0.243176, 0
1.65688, 0.246645, 0
1.66321, 0.249933, 0
1.66927, 0.253048, 0
1.67507, 0.256001, 0
1.68062, 0.258798, 0
1.68843, 0.262679, 0
1.69593, 0.266341, 0
1.7031, 0.269795, 0
1.70998, 0.273053, 0
1.71657, 0.276125, 0
1.72289, 0.27902, 0
1.72894, 0.281749, 0
1.73474, 0.284319, 0
1.74207, 0.287514, 0
1.7491, 0.290519, 0
1.75583, 0.293345, 0
1.76228, 0.296002, 0
1.76846, 0.298499, 0
1.77439, 0.300845, 0
1.78006, 0.303048, 0
1.78549, 0.305117, 0
1.7907, 0.307058, 0
1.79569, 0.30888, 0
1.80046, 0.310588, 0
1.80504, 0.312191, 0
1.80942, 0.313693, 0
1.81361, 0.3151, 0
1.81763, 0.316417, 0
1.82147, 0.31765, 0
1.82516, 0.318803, 0
1.82868, 0.319882, 0
1.83206, 0.32089, 0
1.83529, 0.321832, 0
1.83838, 0.322712, 0
1.84134, 0.323533, 0
1.84418, 0.324298, 0
1.84689, 0.325011, 0
1.84949, 0.325675, 0
1.85197, 0.326294, 0
1.85435, 0.326869, 0
1.85663, 0.327403, 0
1.8588, 0.327899, 0
1.86089, 0.32836, 0
1.86288, 0.328787, 0
1.86479, 0.329182, 0
1.86661, 0.329547, 0
1.86836, 0.329884, 0
1.87003, 0.330196, 0
1.87163, 0.330483, 0
1.87316, 0.330747, 0
1.87462, 0.33099, 0
1.87602, 0.331213, 0
1.87736, 0.331418, 0
1.87863, 0.331604, 0
1.87986, 0.331775, 0
1.88103, 0.33193, 0
1.88215, 0.33207, 0
1.88322, 0.332198, 0
1.88424, 0.332313, 0
1.88522, 0.332416, 0
1.88615, 0.332508, 0
1.88705, 0.33259, 0
1.8879, 0.332663, 0
1.88872, 0.332728, 0
1.8895, 0.332784, 0
1.89025, 0.332832, 0
1.89096, 0.332874, 0
1.89164, 0.332909, 0
1.89229, 0.332939, 0
1.89291, 0.332962, 0
1.89351, 0.332981, 0
1.89408, 0.332995, 0
1.89462, 0.333005, 0
1.89514, 0.333011, 0
1.89564, 0.333014, 0
1.89611, 0.333013, 0
1.89656, 0.333009, 0
1.897, 0.333002, 0
1.89741, 0.332993, 0
1.89781, 0.332982, 0
1.89818, 0.332969, 0
1.89854, 0.332954, 0
1.89889, 0.332937, 0
1.89922, 0.332919, 0
1.89922, 0.332919, 0
1.89922, 0.332919, 0
1.89922, 0.332919, 0
1.89922, 0.332919, 0
1.89922, 0.332919, 0
1.89922, 0.332919, 0
1.89922, 0.332919, 0
1.89922, 0.332919, 0
